{
  "additionalFiles": "..,..,..,..,..,..,..,..,..",
  "builtInLibrariesFolders": "C:\\Program Files (x86)\\Arduino\\libraries",
  "builtInToolsFolders": "C:\\Program Files (x86)\\Arduino\\tools-builder,C:\\Program Files (x86)\\Arduino\\hardware\\tools\\avr,C:\\Users\\Tobias\\AppData\\Local\\Arduino15\\packages",
  "compiler.optimization_flags": "-Os",
  "customBuildProperties": "build.warn_data_percentage=75,runtime.tools.openocd-esp32.path=C:\\Users\\Tobias\\AppData\\Local\\Arduino15\\packages\\esp32\\tools\\openocd-esp32\\v0.12.0-esp32-20230921,runtime.tools.openocd-esp32-v0.12.0-esp32-20230921.path=C:\\Users\\Tobias\\AppData\\Local\\Arduino15\\packages\\esp32\\tools\\openocd-esp32\\v0.12.0-esp32-20230921,runtime.tools.xtensa-esp32s2-elf-gcc.path=C:\\Users\\Tobias\\AppData\\Local\\Arduino15\\packages\\esp32\\tools\\xtensa-esp32s2-elf-gcc\\esp-2021r2-patch5-8.4.0,runtime.tools.xtensa-esp32s2-elf-gcc-esp-2021r2-patch5-8.4.0.path=C:\\Users\\Tobias\\AppData\\Local\\Arduino15\\packages\\esp32\\tools\\xtensa-esp32s2-elf-gcc\\esp-2021r2-patch5-8.4.0,runtime.tools.dfu-util.path=C:\\Users\\Tobias\\AppData\\Local\\Arduino15\\packages\\arduino\\tools\\dfu-util\\0.11.0-arduino5,runtime.tools.dfu-util-0.11.0-arduino5.path=C:\\Users\\Tobias\\AppData\\Local\\Arduino15\\packages\\arduino\\tools\\dfu-util\\0.11.0-arduino5,runtime.tools.xtensa-esp-elf-gdb.path=C:\\Users\\Tobias\\AppData\\Local\\Arduino15\\packages\\esp32\\tools\\xtensa-esp-elf-gdb\\11.2_20220823,runtime.tools.xtensa-esp-elf-gdb-11.2_20220823.path=C:\\Users\\Tobias\\AppData\\Local\\Arduino15\\packages\\esp32\\tools\\xtensa-esp-elf-gdb\\11.2_20220823,runtime.tools.mklittlefs.path=C:\\Users\\Tobias\\AppData\\Local\\Arduino15\\packages\\esp32\\tools\\mklittlefs\\3.0.0-gnu12-dc7f933,runtime.tools.mklittlefs-3.0.0-gnu12-dc7f933.path=C:\\Users\\Tobias\\AppData\\Local\\Arduino15\\packages\\esp32\\tools\\mklittlefs\\3.0.0-gnu12-dc7f933,runtime.tools.xtensa-esp32s3-elf-gcc.path=C:\\Users\\Tobias\\AppData\\Local\\Arduino15\\packages\\esp32\\tools\\xtensa-esp32s3-elf-gcc\\esp-2021r2-patch5-8.4.0,runtime.tools.xtensa-esp32s3-elf-gcc-esp-2021r2-patch5-8.4.0.path=C:\\Users\\Tobias\\AppData\\Local\\Arduino15\\packages\\esp32\\tools\\xtensa-esp32s3-elf-gcc\\esp-2021r2-patch5-8.4.0,runtime.tools.riscv32-esp-elf-gdb.path=C:\\Users\\Tobias\\AppData\\Local\\Arduino15\\packages\\esp32\\tools\\riscv32-esp-elf-gdb\\11.2_20220823,runtime.tools.riscv32-esp-elf-gdb-11.2_20220823.path=C:\\Users\\Tobias\\AppData\\Local\\Arduino15\\packages\\esp32\\tools\\riscv32-esp-elf-gdb\\11.2_20220823,runtime.tools.mkspiffs.path=C:\\Users\\Tobias\\AppData\\Local\\Arduino15\\packages\\esp32\\tools\\mkspiffs\\0.2.3,runtime.tools.mkspiffs-0.2.3.path=C:\\Users\\Tobias\\AppData\\Local\\Arduino15\\packages\\esp32\\tools\\mkspiffs\\0.2.3,runtime.tools.xtensa-esp32-elf-gcc.path=C:\\Users\\Tobias\\AppData\\Local\\Arduino15\\packages\\esp32\\tools\\xtensa-esp32-elf-gcc\\esp-2021r2-patch5-8.4.0,runtime.tools.xtensa-esp32-elf-gcc-esp-2021r2-patch5-8.4.0.path=C:\\Users\\Tobias\\AppData\\Local\\Arduino15\\packages\\esp32\\tools\\xtensa-esp32-elf-gcc\\esp-2021r2-patch5-8.4.0,runtime.tools.riscv32-esp-elf-gcc.path=C:\\Users\\Tobias\\AppData\\Local\\Arduino15\\packages\\esp32\\tools\\riscv32-esp-elf-gcc\\esp-2021r2-patch5-8.4.0,runtime.tools.riscv32-esp-elf-gcc-esp-2021r2-patch5-8.4.0.path=C:\\Users\\Tobias\\AppData\\Local\\Arduino15\\packages\\esp32\\tools\\riscv32-esp-elf-gcc\\esp-2021r2-patch5-8.4.0,runtime.tools.esptool_py.path=C:\\Users\\Tobias\\AppData\\Local\\Arduino15\\packages\\esp32\\tools\\esptool_py\\4.5.1,runtime.tools.esptool_py-4.5.1.path=C:\\Users\\Tobias\\AppData\\Local\\Arduino15\\packages\\esp32\\tools\\esptool_py\\4.5.1",
  "fqbn": "esp32:esp32:esp32:JTAGAdapter=default,PSRAM=disabled,PartitionScheme=no_ota,CPUFreq=240,FlashMode=dio,FlashFreq=80,FlashSize=4M,UploadSpeed=115200,LoopCore=1,EventsCore=1,DebugLevel=none,EraseFlash=none",
  "hardwareFolders": "C:\\Program Files (x86)\\Arduino\\hardware,C:\\Users\\Tobias\\AppData\\Local\\Arduino15\\packages",
  "otherLibrariesFolders": "C:\\Users\\Tobias\\Documents\\Arduino\\libraries",
  "runtime.ide.version": "10819",
  "sketchLocation": "C:\\Users\\Tobias\\Documents\\Arduino\\ESP32MacroPad8\\ESP32MacroPad8.ino"
}